序号,类型,路径
1,疑似PHP后门-建议人工确认,/home/axin/桌面/html/.idea/workspace.xml
2,疑似PHP后门-建议人工确认,/home/axin/桌面/html/admin/pma/doc/html/_sources/faq.txt
3,疑似PHP后门-建议人工确认,/home/axin/桌面/html/admin/pma/libraries/classes/Config.php
4,疑似PHP后门-建议人工确认,/home/axin/桌面/html/admin/pma/libraries/classes/SysInfoSunOS.php
5,疑似PHP后门-建议人工确认,/home/axin/桌面/html/admin/pma/libraries/classes/Utils/HttpRequest.php
6,疑似PHP后门-建议人工确认,/home/axin/桌面/html/admin/pma/vendor/google/recaptcha/src/ReCaptcha/RequestMethod/Curl.php
7,疑似PHP后门-建议人工确认,/home/axin/桌面/html/admin/pma/vendor/google/recaptcha/src/ReCaptcha/RequestMethod/CurlPost.php
8,疑似PHP后门-建议人工确认,/home/axin/桌面/html/admin/pma/vendor/tecnickcom/tcpdf/include/tcpdf_static.php
9,疑似PHP后门-建议人工确认,/home/axin/桌面/html/admin/pma/vendor/twig/twig/lib/Twig/Environment.php
